dataset,method,comparison,repetition_a,repetition_a_name,repetition_b,repetition_b_name,idx,dice_score
PV_in_HC,cellpose,0,1,cyto,2,cyto,1377,1.0
PV_in_HC,cellpose,0,1,cyto,2,cyto,1608,1.0
PV_in_HC,cellpose,0,1,cyto,2,cyto,1418,1.0
PV_in_HC,cellpose,0,1,cyto,2,cyto,1599,1.0
PV_in_HC,cellpose,0,1,cyto,2,cyto,1444,1.0
PV_in_HC,cellpose,0,1,cyto,2,cyto,1283,1.0
PV_in_HC,cellpose,0,1,cyto,2,cyto,1385,1.0
PV_in_HC,cellpose,0,1,cyto,2,cyto,1582,1.0
PV_in_HC,cellpose,0,1,cyto,2,cyto,1237,1.0
PV_in_HC,cellpose,1,1,cyto,3,cyto,1377,1.0
PV_in_HC,cellpose,1,1,cyto,3,cyto,1608,1.0
PV_in_HC,cellpose,1,1,cyto,3,cyto,1418,1.0
PV_in_HC,cellpose,1,1,cyto,3,cyto,1599,1.0
PV_in_HC,cellpose,1,1,cyto,3,cyto,1444,1.0
PV_in_HC,cellpose,1,1,cyto,3,cyto,1283,1.0
PV_in_HC,cellpose,1,1,cyto,3,cyto,1385,1.0
PV_in_HC,cellpose,1,1,cyto,3,cyto,1582,1.0
PV_in_HC,cellpose,1,1,cyto,3,cyto,1237,1.0
PV_in_HC,cellpose,2,2,cyto,3,cyto,1377,1.0
PV_in_HC,cellpose,2,2,cyto,3,cyto,1608,1.0
PV_in_HC,cellpose,2,2,cyto,3,cyto,1418,1.0
PV_in_HC,cellpose,2,2,cyto,3,cyto,1599,1.0
PV_in_HC,cellpose,2,2,cyto,3,cyto,1444,1.0
PV_in_HC,cellpose,2,2,cyto,3,cyto,1283,1.0
PV_in_HC,cellpose,2,2,cyto,3,cyto,1385,1.0
PV_in_HC,cellpose,2,2,cyto,3,cyto,1582,1.0
PV_in_HC,cellpose,2,2,cyto,3,cyto,1237,1.0
PV_in_HC,cellpose_single,0,1,1,2,2,1377,0.8843966045331233
PV_in_HC,cellpose_single,0,1,1,2,2,1608,0.9514578163771713
PV_in_HC,cellpose_single,0,1,1,2,2,1418,0.9744069495489476
PV_in_HC,cellpose_single,0,1,1,2,2,1599,0.9703317994671834
PV_in_HC,cellpose_single,0,1,1,2,2,1444,0.9851328296368511
PV_in_HC,cellpose_single,0,1,1,2,2,1283,0.9656652360515021
PV_in_HC,cellpose_single,0,1,1,2,2,1385,0.9718208092485549
PV_in_HC,cellpose_single,0,1,1,2,2,1582,0.9824037913028216
PV_in_HC,cellpose_single,0,1,1,2,2,1237,0.9812433011789925
PV_in_HC,cellpose_single,1,1,1,3,3,1377,0.8617803271722966
PV_in_HC,cellpose_single,1,1,1,3,3,1608,0.9786895674300253
PV_in_HC,cellpose_single,1,1,1,3,3,1418,0.9794497397417697
PV_in_HC,cellpose_single,1,1,1,3,3,1599,0.9871127926223694
PV_in_HC,cellpose_single,1,1,1,3,3,1444,0.9613096990754372
PV_in_HC,cellpose_single,1,1,1,3,3,1283,0.9674995917034133
PV_in_HC,cellpose_single,1,1,1,3,3,1385,0.9776011560693642
PV_in_HC,cellpose_single,1,1,1,3,3,1582,0.9805223163595075
PV_in_HC,cellpose_single,1,1,1,3,3,1237,0.7904396073410158
PV_in_HC,cellpose_single,2,2,2,3,3,1377,0.9601873536299765
PV_in_HC,cellpose_single,2,2,2,3,3,1608,0.9499160177126279
PV_in_HC,cellpose_single,2,2,2,3,3,1418,0.9683236525732811
PV_in_HC,cellpose_single,2,2,2,3,3,1599,0.9687764734357982
PV_in_HC,cellpose_single,2,2,2,3,3,1444,0.9577816044177898
PV_in_HC,cellpose_single,2,2,2,3,3,1283,0.976326530612245
PV_in_HC,cellpose_single,2,2,2,3,3,1385,0.9757142857142858
PV_in_HC,cellpose_single,2,2,2,3,3,1582,0.9828011956851362
PV_in_HC,cellpose_single,2,2,2,3,3,1237,0.7881794650560828
PV_in_HC,cellpose_ensemble,0,1,1,2,2,1377,0.9709158651104437
PV_in_HC,cellpose_ensemble,0,1,1,2,2,1608,0.9889251852442037
PV_in_HC,cellpose_ensemble,0,1,1,2,2,1418,0.9741684956947493
PV_in_HC,cellpose_ensemble,0,1,1,2,2,1599,0.9795342272406492
PV_in_HC,cellpose_ensemble,0,1,1,2,2,1444,0.9692042959710436
PV_in_HC,cellpose_ensemble,0,1,1,2,2,1283,0.9753661784287616
PV_in_HC,cellpose_ensemble,0,1,1,2,2,1385,0.976173285198556
PV_in_HC,cellpose_ensemble,0,1,1,2,2,1582,0.9875735775016351
PV_in_HC,cellpose_ensemble,0,1,1,2,2,1237,0.8422141748577341
PV_in_HC,cellpose_ensemble,1,1,1,3,3,1377,0.9795338478669893
PV_in_HC,cellpose_ensemble,1,1,1,3,3,1608,0.9871481510683592
PV_in_HC,cellpose_ensemble,1,1,1,3,3,1418,0.987315875613748
PV_in_HC,cellpose_ensemble,1,1,1,3,3,1599,0.985700779957457
PV_in_HC,cellpose_ensemble,1,1,1,3,3,1444,0.9719181342217992
PV_in_HC,cellpose_ensemble,1,1,1,3,3,1283,0.9846559973601715
PV_in_HC,cellpose_ensemble,1,1,1,3,3,1385,0.9825296995108316
PV_in_HC,cellpose_ensemble,1,1,1,3,3,1582,0.988695652173913
PV_in_HC,cellpose_ensemble,1,1,1,3,3,1237,0.9873757722266988
PV_in_HC,cellpose_ensemble,2,2,2,3,3,1377,0.9767195767195768
PV_in_HC,cellpose_ensemble,2,2,2,3,3,1608,0.9860935524652339
PV_in_HC,cellpose_ensemble,2,2,2,3,3,1418,0.9741702400648277
PV_in_HC,cellpose_ensemble,2,2,2,3,3,1599,0.9810393258426967
PV_in_HC,cellpose_ensemble,2,2,2,3,3,1444,0.9880973959277386
PV_in_HC,cellpose_ensemble,2,2,2,3,3,1283,0.9761785773779776
PV_in_HC,cellpose_ensemble,2,2,2,3,3,1385,0.9643874643874644
PV_in_HC,cellpose_ensemble,2,2,2,3,3,1582,0.9882199521843078
PV_in_HC,cellpose_ensemble,2,2,2,3,3,1237,0.8355348355348357
PV_in_HC,unet_2019,0,1,1,2,2,1377,0.9499424397602318
PV_in_HC,unet_2019,0,1,1,2,2,1608,0.9632728185392788
PV_in_HC,unet_2019,0,1,1,2,2,1418,0.967412642324303
PV_in_HC,unet_2019,0,1,1,2,2,1599,0.9633648114660773
PV_in_HC,unet_2019,0,1,1,2,2,1444,0.9579951957410894
PV_in_HC,unet_2019,0,1,1,2,2,1283,0.8868378812199036
PV_in_HC,unet_2019,0,1,1,2,2,1385,0.9801601113818308
PV_in_HC,unet_2019,0,1,1,2,2,1582,0.9652447152923253
PV_in_HC,unet_2019,0,1,1,2,2,1237,0.957375210319686
PV_in_HC,unet_2019,1,1,1,3,3,1377,0.9495931196729531
PV_in_HC,unet_2019,1,1,1,3,3,1608,0.9261378191443942
PV_in_HC,unet_2019,1,1,1,3,3,1418,0.9628401030454883
PV_in_HC,unet_2019,1,1,1,3,3,1599,0.9609688672414929
PV_in_HC,unet_2019,1,1,1,3,3,1444,0.9595978636506441
PV_in_HC,unet_2019,1,1,1,3,3,1283,0.8502741459299874
PV_in_HC,unet_2019,1,1,1,3,3,1385,0.974853599724423
PV_in_HC,unet_2019,1,1,1,3,3,1582,0.9597867763957729
PV_in_HC,unet_2019,1,1,1,3,3,1237,0.9593810444874276
PV_in_HC,unet_2019,2,2,2,3,3,1377,0.9426139912554653
PV_in_HC,unet_2019,2,2,2,3,3,1608,0.931052358735096
PV_in_HC,unet_2019,2,2,2,3,3,1418,0.9640170333569908
PV_in_HC,unet_2019,2,2,2,3,3,1599,0.9626705913834627
PV_in_HC,unet_2019,2,2,2,3,3,1444,0.9532829898886471
PV_in_HC,unet_2019,2,2,2,3,3,1283,0.8431116905693177
PV_in_HC,unet_2019,2,2,2,3,3,1385,0.98
PV_in_HC,unet_2019,2,2,2,3,3,1582,0.9671929658693392
PV_in_HC,unet_2019,2,2,2,3,3,1237,0.9590742308777871
PV_in_HC,nnunet,0,1,1,2,2,1377,0.9853399763432382
PV_in_HC,nnunet,0,1,1,2,2,1608,0.9935135135135136
PV_in_HC,nnunet,0,1,1,2,2,1418,0.9843540155788343
PV_in_HC,nnunet,0,1,1,2,2,1599,0.9863319059071978
PV_in_HC,nnunet,0,1,1,2,2,1444,0.9904202174551866
PV_in_HC,nnunet,0,1,1,2,2,1283,0.9534669854699283
PV_in_HC,nnunet,0,1,1,2,2,1385,0.9937023533311236
PV_in_HC,nnunet,0,1,1,2,2,1582,0.9899041533546326
PV_in_HC,nnunet,0,1,1,2,2,1237,0.9558767592240396
PV_in_HC,nnunet,1,1,1,3,3,1377,0.9838159830624036
PV_in_HC,nnunet,1,1,1,3,3,1608,0.9914239357181489
PV_in_HC,nnunet,1,1,1,3,3,1418,0.9876576245108205
PV_in_HC,nnunet,1,1,1,3,3,1599,0.9899479659413434
PV_in_HC,nnunet,1,1,1,3,3,1444,0.9904337108985269
PV_in_HC,nnunet,1,1,1,3,3,1283,0.9542382699362811
PV_in_HC,nnunet,1,1,1,3,3,1385,0.9940239043824701
PV_in_HC,nnunet,1,1,1,3,3,1582,0.9905144419757307
PV_in_HC,nnunet,1,1,1,3,3,1237,0.9795842613214552
PV_in_HC,nnunet,2,2,2,3,3,1377,0.9892867414437734
PV_in_HC,nnunet,2,2,2,3,3,1608,0.9915784593989029
PV_in_HC,nnunet,2,2,2,3,3,1418,0.9860806848437869
PV_in_HC,nnunet,2,2,2,3,3,1599,0.984997352473966
PV_in_HC,nnunet,2,2,2,3,3,1444,0.9902398871119473
PV_in_HC,nnunet,2,2,2,3,3,1283,0.9314456035767512
PV_in_HC,nnunet,2,2,2,3,3,1385,0.9923511805786498
PV_in_HC,nnunet,2,2,2,3,3,1582,0.9897232527397551
PV_in_HC,nnunet,2,2,2,3,3,1237,0.9641065225781552
PV_in_HC,deepflash2,0,1,1,2,2,1599,0.9866592241138711
PV_in_HC,deepflash2,0,1,1,2,2,1582,0.9907853580184293
PV_in_HC,deepflash2,0,1,1,2,2,1237,0.9304643261608154
PV_in_HC,deepflash2,0,1,1,2,2,1283,0.9935181850918258
PV_in_HC,deepflash2,0,1,1,2,2,1444,0.9912785726500599
PV_in_HC,deepflash2,0,1,1,2,2,1377,0.9815656066890512
PV_in_HC,deepflash2,0,1,1,2,2,1385,0.9947848761408083
PV_in_HC,deepflash2,0,1,1,2,2,1418,0.9912806366720568
PV_in_HC,deepflash2,1,1,1,3,3,1599,0.9897987624728246
PV_in_HC,deepflash2,1,1,1,3,3,1582,0.9919232710752146
PV_in_HC,deepflash2,1,1,1,3,3,1237,0.9871023215821152
PV_in_HC,deepflash2,1,1,1,3,3,1283,0.99457111834962
PV_in_HC,deepflash2,1,1,1,3,3,1444,0.9939532230462064
PV_in_HC,deepflash2,1,1,1,3,3,1377,0.9828616715649043
PV_in_HC,deepflash2,1,1,1,3,3,1385,0.8951541850220265
PV_in_HC,deepflash2,1,1,1,3,3,1418,0.9912800837111962
PV_in_HC,deepflash2,2,2,2,3,3,1599,0.9905702739110912
PV_in_HC,deepflash2,2,2,2,3,3,1582,0.9894745705624789
PV_in_HC,deepflash2,2,2,2,3,3,1237,0.9288817745254974
PV_in_HC,deepflash2,2,2,2,3,3,1283,0.9927693420101229
PV_in_HC,deepflash2,2,2,2,3,3,1444,0.9910627881823875
PV_in_HC,deepflash2,2,2,2,3,3,1377,0.9899076800900036
PV_in_HC,deepflash2,2,2,2,3,3,1385,0.8944135712196549
PV_in_HC,deepflash2,2,2,2,3,3,1418,0.9923741738688358
cFOS_in_HC,cellpose,0,1,cyto2,2,cyto2,1377,1.0
cFOS_in_HC,cellpose,0,1,cyto2,2,cyto2,1608,1.0
cFOS_in_HC,cellpose,0,1,cyto2,2,cyto2,1418,1.0
cFOS_in_HC,cellpose,0,1,cyto2,2,cyto2,1599,1.0
cFOS_in_HC,cellpose,0,1,cyto2,2,cyto2,1444,1.0
cFOS_in_HC,cellpose,0,1,cyto2,2,cyto2,1283,1.0
cFOS_in_HC,cellpose,0,1,cyto2,2,cyto2,1385,1.0
cFOS_in_HC,cellpose,0,1,cyto2,2,cyto2,1582,1.0
cFOS_in_HC,cellpose,0,1,cyto2,2,cyto2,1237,1.0
cFOS_in_HC,cellpose,1,1,cyto2,3,cyto2,1377,1.0
cFOS_in_HC,cellpose,1,1,cyto2,3,cyto2,1608,1.0
cFOS_in_HC,cellpose,1,1,cyto2,3,cyto2,1418,1.0
cFOS_in_HC,cellpose,1,1,cyto2,3,cyto2,1599,1.0
cFOS_in_HC,cellpose,1,1,cyto2,3,cyto2,1444,1.0
cFOS_in_HC,cellpose,1,1,cyto2,3,cyto2,1283,1.0
cFOS_in_HC,cellpose,1,1,cyto2,3,cyto2,1385,1.0
cFOS_in_HC,cellpose,1,1,cyto2,3,cyto2,1582,1.0
cFOS_in_HC,cellpose,1,1,cyto2,3,cyto2,1237,1.0
cFOS_in_HC,cellpose,2,2,cyto2,3,cyto2,1377,1.0
cFOS_in_HC,cellpose,2,2,cyto2,3,cyto2,1608,1.0
cFOS_in_HC,cellpose,2,2,cyto2,3,cyto2,1418,1.0
cFOS_in_HC,cellpose,2,2,cyto2,3,cyto2,1599,1.0
cFOS_in_HC,cellpose,2,2,cyto2,3,cyto2,1444,1.0
cFOS_in_HC,cellpose,2,2,cyto2,3,cyto2,1283,1.0
cFOS_in_HC,cellpose,2,2,cyto2,3,cyto2,1385,1.0
cFOS_in_HC,cellpose,2,2,cyto2,3,cyto2,1582,1.0
cFOS_in_HC,cellpose,2,2,cyto2,3,cyto2,1237,1.0
cFOS_in_HC,cellpose_single,0,1,1,2,2,1377,0.8801863767472821
cFOS_in_HC,cellpose_single,0,1,1,2,2,1608,0.9393904005605511
cFOS_in_HC,cellpose_single,0,1,1,2,2,1418,0.9404776048473328
cFOS_in_HC,cellpose_single,0,1,1,2,2,1599,0.9076876513317191
cFOS_in_HC,cellpose_single,0,1,1,2,2,1444,0.9184935356942102
cFOS_in_HC,cellpose_single,0,1,1,2,2,1283,0.9464745730369241
cFOS_in_HC,cellpose_single,0,1,1,2,2,1385,0.9599854492542743
cFOS_in_HC,cellpose_single,0,1,1,2,2,1582,0.9562245728234338
cFOS_in_HC,cellpose_single,0,1,1,2,2,1237,0.9317298128221358
cFOS_in_HC,cellpose_single,1,1,1,3,3,1377,0.9053647873212497
cFOS_in_HC,cellpose_single,1,1,1,3,3,1608,0.935611510791367
cFOS_in_HC,cellpose_single,1,1,1,3,3,1418,0.9567632850241545
cFOS_in_HC,cellpose_single,1,1,1,3,3,1599,0.9061187762447511
cFOS_in_HC,cellpose_single,1,1,1,3,3,1444,0.8992113868051549
cFOS_in_HC,cellpose_single,1,1,1,3,3,1283,0.943174143753015
cFOS_in_HC,cellpose_single,1,1,1,3,3,1385,0.9407965554359526
cFOS_in_HC,cellpose_single,1,1,1,3,3,1582,0.9075780089153047
cFOS_in_HC,cellpose_single,1,1,1,3,3,1237,0.9308936849537961
cFOS_in_HC,cellpose_single,2,2,2,3,3,1377,0.8010085728693899
cFOS_in_HC,cellpose_single,2,2,2,3,3,1608,0.9679361037157078
cFOS_in_HC,cellpose_single,2,2,2,3,3,1418,0.9674407748862177
cFOS_in_HC,cellpose_single,2,2,2,3,3,1599,0.9345255263916931
cFOS_in_HC,cellpose_single,2,2,2,3,3,1444,0.9499905997367926
cFOS_in_HC,cellpose_single,2,2,2,3,3,1283,0.9674675142563336
cFOS_in_HC,cellpose_single,2,2,2,3,3,1385,0.9681316757135353
cFOS_in_HC,cellpose_single,2,2,2,3,3,1582,0.9072562694761834
cFOS_in_HC,cellpose_single,2,2,2,3,3,1237,0.9514742748000476
cFOS_in_HC,cellpose_ensemble,0,1,1,2,2,1377,0.9521822291775344
cFOS_in_HC,cellpose_ensemble,0,1,1,2,2,1608,0.96126719852006
cFOS_in_HC,cellpose_ensemble,0,1,1,2,2,1418,0.9557959087702798
cFOS_in_HC,cellpose_ensemble,0,1,1,2,2,1599,0.9489203276247208
cFOS_in_HC,cellpose_ensemble,0,1,1,2,2,1444,0.9514237855946399
cFOS_in_HC,cellpose_ensemble,0,1,1,2,2,1283,0.9659260642270351
cFOS_in_HC,cellpose_ensemble,0,1,1,2,2,1385,0.9725770433229121
cFOS_in_HC,cellpose_ensemble,0,1,1,2,2,1582,0.9599308157970597
cFOS_in_HC,cellpose_ensemble,0,1,1,2,2,1237,0.9395202706785089
cFOS_in_HC,cellpose_ensemble,1,1,1,3,3,1377,0.9600564324133674
cFOS_in_HC,cellpose_ensemble,1,1,1,3,3,1608,0.9645406467647314
cFOS_in_HC,cellpose_ensemble,1,1,1,3,3,1418,0.9501987374327799
cFOS_in_HC,cellpose_ensemble,1,1,1,3,3,1599,0.9279042615294806
cFOS_in_HC,cellpose_ensemble,1,1,1,3,3,1444,0.9386779442861083
cFOS_in_HC,cellpose_ensemble,1,1,1,3,3,1283,0.9676939524938409
cFOS_in_HC,cellpose_ensemble,1,1,1,3,3,1385,0.9726267766274785
cFOS_in_HC,cellpose_ensemble,1,1,1,3,3,1582,0.9707246376811595
cFOS_in_HC,cellpose_ensemble,1,1,1,3,3,1237,0.9450268777286092
cFOS_in_HC,cellpose_ensemble,2,2,2,3,3,1377,0.9720973623950471
cFOS_in_HC,cellpose_ensemble,2,2,2,3,3,1608,0.9702628526157938
cFOS_in_HC,cellpose_ensemble,2,2,2,3,3,1418,0.9703284258210646
cFOS_in_HC,cellpose_ensemble,2,2,2,3,3,1599,0.9280836844399244
cFOS_in_HC,cellpose_ensemble,2,2,2,3,3,1444,0.9518581841087016
cFOS_in_HC,cellpose_ensemble,2,2,2,3,3,1283,0.9710522705446564
cFOS_in_HC,cellpose_ensemble,2,2,2,3,3,1385,0.9657540276432786
cFOS_in_HC,cellpose_ensemble,2,2,2,3,3,1582,0.9671852899575673
cFOS_in_HC,cellpose_ensemble,2,2,2,3,3,1237,0.9602681538417084
cFOS_in_HC,unet_2019,0,1,1,2,2,1377,0.8960079400088222
cFOS_in_HC,unet_2019,0,1,1,2,2,1608,0.9313992525495661
cFOS_in_HC,unet_2019,0,1,1,2,2,1418,0.8619181505779444
cFOS_in_HC,unet_2019,0,1,1,2,2,1599,0.8680363896555248
cFOS_in_HC,unet_2019,0,1,1,2,2,1444,0.8450361646290725
cFOS_in_HC,unet_2019,0,1,1,2,2,1283,0.9179495714404593
cFOS_in_HC,unet_2019,0,1,1,2,2,1385,0.9201491969247164
cFOS_in_HC,unet_2019,0,1,1,2,2,1582,0.8917434994302289
cFOS_in_HC,unet_2019,0,1,1,2,2,1237,0.9078030601143493
cFOS_in_HC,unet_2019,1,1,1,3,3,1377,0.9169110459433041
cFOS_in_HC,unet_2019,1,1,1,3,3,1608,0.9381524090153914
cFOS_in_HC,unet_2019,1,1,1,3,3,1418,0.869362363919129
cFOS_in_HC,unet_2019,1,1,1,3,3,1599,0.8661884265901483
cFOS_in_HC,unet_2019,1,1,1,3,3,1444,0.8941377347751849
cFOS_in_HC,unet_2019,1,1,1,3,3,1283,0.9380973868810765
cFOS_in_HC,unet_2019,1,1,1,3,3,1385,0.9331007281553397
cFOS_in_HC,unet_2019,1,1,1,3,3,1582,0.8968681428286455
cFOS_in_HC,unet_2019,1,1,1,3,3,1237,0.9135320424053938
cFOS_in_HC,unet_2019,2,2,2,3,3,1377,0.8839112880924728
cFOS_in_HC,unet_2019,2,2,2,3,3,1608,0.9372550289916102
cFOS_in_HC,unet_2019,2,2,2,3,3,1418,0.8688317830679488
cFOS_in_HC,unet_2019,2,2,2,3,3,1599,0.8558614935335835
cFOS_in_HC,unet_2019,2,2,2,3,3,1444,0.8453873352619737
cFOS_in_HC,unet_2019,2,2,2,3,3,1283,0.9229148227757408
cFOS_in_HC,unet_2019,2,2,2,3,3,1385,0.9377982943431658
cFOS_in_HC,unet_2019,2,2,2,3,3,1582,0.8738690792974987
cFOS_in_HC,unet_2019,2,2,2,3,3,1237,0.9186101184878691
cFOS_in_HC,nnunet,0,1,1,2,2,1377,0.9575605155611443
cFOS_in_HC,nnunet,0,1,1,2,2,1608,0.9723932152361495
cFOS_in_HC,nnunet,0,1,1,2,2,1418,0.9430925836160932
cFOS_in_HC,nnunet,0,1,1,2,2,1599,0.9484536082474228
cFOS_in_HC,nnunet,0,1,1,2,2,1444,0.9296693060083838
cFOS_in_HC,nnunet,0,1,1,2,2,1283,0.977899180531413
cFOS_in_HC,nnunet,0,1,1,2,2,1385,0.9815038572358026
cFOS_in_HC,nnunet,0,1,1,2,2,1582,0.9299488390397482
cFOS_in_HC,nnunet,0,1,1,2,2,1237,0.946815955213436
cFOS_in_HC,nnunet,1,1,1,3,3,1377,0.9718499519076628
cFOS_in_HC,nnunet,1,1,1,3,3,1608,0.9617064608623415
cFOS_in_HC,nnunet,1,1,1,3,3,1418,0.9355362429567377
cFOS_in_HC,nnunet,1,1,1,3,3,1599,0.9498393872003954
cFOS_in_HC,nnunet,1,1,1,3,3,1444,0.9239029809294574
cFOS_in_HC,nnunet,1,1,1,3,3,1283,0.9785463013427141
cFOS_in_HC,nnunet,1,1,1,3,3,1385,0.9816624778925812
cFOS_in_HC,nnunet,1,1,1,3,3,1582,0.951599045346062
cFOS_in_HC,nnunet,1,1,1,3,3,1237,0.9580853488666582
cFOS_in_HC,nnunet,2,2,2,3,3,1377,0.9484730426039965
cFOS_in_HC,nnunet,2,2,2,3,3,1608,0.9605559729526671
cFOS_in_HC,nnunet,2,2,2,3,3,1418,0.9513471603023842
cFOS_in_HC,nnunet,2,2,2,3,3,1599,0.9605875152998776
cFOS_in_HC,nnunet,2,2,2,3,3,1444,0.9237029501525941
cFOS_in_HC,nnunet,2,2,2,3,3,1283,0.9821990558615264
cFOS_in_HC,nnunet,2,2,2,3,3,1385,0.9792833146696528
cFOS_in_HC,nnunet,2,2,2,3,3,1582,0.9413120737681299
cFOS_in_HC,nnunet,2,2,2,3,3,1237,0.9491140677217984
cFOS_in_HC,deepflash2,0,1,1,2,2,1599,0.9796514896008994
cFOS_in_HC,deepflash2,0,1,1,2,2,1582,0.9808695652173912
cFOS_in_HC,deepflash2,0,1,1,2,2,1237,0.9752447663774576
cFOS_in_HC,deepflash2,0,1,1,2,2,1283,0.9874849686010778
cFOS_in_HC,deepflash2,0,1,1,2,2,1444,0.965902555254293
cFOS_in_HC,deepflash2,0,1,1,2,2,1377,0.953370534282599
cFOS_in_HC,deepflash2,0,1,1,2,2,1385,0.9839172389811354
cFOS_in_HC,deepflash2,0,1,1,2,2,1418,0.9663555036950603
cFOS_in_HC,deepflash2,1,1,1,3,3,1599,0.9822909661510872
cFOS_in_HC,deepflash2,1,1,1,3,3,1582,0.9819511619676772
cFOS_in_HC,deepflash2,1,1,1,3,3,1237,0.9793956043956044
cFOS_in_HC,deepflash2,1,1,1,3,3,1283,0.9893560404470464
cFOS_in_HC,deepflash2,1,1,1,3,3,1444,0.9712941939669153
cFOS_in_HC,deepflash2,1,1,1,3,3,1377,0.9658978907944017
cFOS_in_HC,deepflash2,1,1,1,3,3,1385,0.9872523686477175
cFOS_in_HC,deepflash2,1,1,1,3,3,1418,0.9699596178469418
cFOS_in_HC,deepflash2,2,2,2,3,3,1599,0.9763440860215054
cFOS_in_HC,deepflash2,2,2,2,3,3,1582,0.9740472293663783
cFOS_in_HC,deepflash2,2,2,2,3,3,1237,0.9809956675437896
cFOS_in_HC,deepflash2,2,2,2,3,3,1283,0.9852308511110125
cFOS_in_HC,deepflash2,2,2,2,3,3,1444,0.9641427754635302
cFOS_in_HC,deepflash2,2,2,2,3,3,1377,0.9603847614226048
cFOS_in_HC,deepflash2,2,2,2,3,3,1385,0.9794787427482899
cFOS_in_HC,deepflash2,2,2,2,3,3,1418,0.9779718583212034
mScarlet_in_PAG,cellpose,0,1,cyto2,2,cyto2,2359,1.0
mScarlet_in_PAG,cellpose,0,1,cyto2,2,cyto2,2364,1.0
mScarlet_in_PAG,cellpose,0,1,cyto2,2,cyto2,2363,1.0
mScarlet_in_PAG,cellpose,0,1,cyto2,2,cyto2,2368,1.0
mScarlet_in_PAG,cellpose,0,1,cyto2,2,cyto2,2354,1.0
mScarlet_in_PAG,cellpose,0,1,cyto2,2,cyto2,2365,1.0
mScarlet_in_PAG,cellpose,0,1,cyto2,2,cyto2,2366,1.0
mScarlet_in_PAG,cellpose,0,1,cyto2,2,cyto2,2355,1.0
mScarlet_in_PAG,cellpose,1,1,cyto2,3,cyto2,2359,1.0
mScarlet_in_PAG,cellpose,1,1,cyto2,3,cyto2,2364,1.0
mScarlet_in_PAG,cellpose,1,1,cyto2,3,cyto2,2363,1.0
mScarlet_in_PAG,cellpose,1,1,cyto2,3,cyto2,2368,1.0
mScarlet_in_PAG,cellpose,1,1,cyto2,3,cyto2,2354,1.0
mScarlet_in_PAG,cellpose,1,1,cyto2,3,cyto2,2365,1.0
mScarlet_in_PAG,cellpose,1,1,cyto2,3,cyto2,2366,1.0
mScarlet_in_PAG,cellpose,1,1,cyto2,3,cyto2,2355,1.0
mScarlet_in_PAG,cellpose,2,2,cyto2,3,cyto2,2359,1.0
mScarlet_in_PAG,cellpose,2,2,cyto2,3,cyto2,2364,1.0
mScarlet_in_PAG,cellpose,2,2,cyto2,3,cyto2,2363,1.0
mScarlet_in_PAG,cellpose,2,2,cyto2,3,cyto2,2368,1.0
mScarlet_in_PAG,cellpose,2,2,cyto2,3,cyto2,2354,1.0
mScarlet_in_PAG,cellpose,2,2,cyto2,3,cyto2,2365,1.0
mScarlet_in_PAG,cellpose,2,2,cyto2,3,cyto2,2366,1.0
mScarlet_in_PAG,cellpose,2,2,cyto2,3,cyto2,2355,1.0
mScarlet_in_PAG,cellpose_single,0,1,1,2,2,2359,0.8360664553999494
mScarlet_in_PAG,cellpose_single,0,1,1,2,2,2364,0.8870124588981484
mScarlet_in_PAG,cellpose_single,0,1,1,2,2,2363,0.861040376872026
mScarlet_in_PAG,cellpose_single,0,1,1,2,2,2368,0.8552830592092238
mScarlet_in_PAG,cellpose_single,0,1,1,2,2,2354,0.9243940947637418
mScarlet_in_PAG,cellpose_single,0,1,1,2,2,2365,0.8749043202353616
mScarlet_in_PAG,cellpose_single,0,1,1,2,2,2366,0.8479879402998814
mScarlet_in_PAG,cellpose_single,0,1,1,2,2,2355,0.8468336830396642
mScarlet_in_PAG,cellpose_single,1,1,1,3,3,2359,0.8542473755269611
mScarlet_in_PAG,cellpose_single,1,1,1,3,3,2364,0.9167554581173981
mScarlet_in_PAG,cellpose_single,1,1,1,3,3,2363,0.8824039391345907
mScarlet_in_PAG,cellpose_single,1,1,1,3,3,2368,0.9110731568460007
mScarlet_in_PAG,cellpose_single,1,1,1,3,3,2354,0.9418718893804685
mScarlet_in_PAG,cellpose_single,1,1,1,3,3,2365,0.8947864328348919
mScarlet_in_PAG,cellpose_single,1,1,1,3,3,2366,0.8480348858024056
mScarlet_in_PAG,cellpose_single,1,1,1,3,3,2355,0.8894202877354122
mScarlet_in_PAG,cellpose_single,2,2,2,3,3,2359,0.8014522981846273
mScarlet_in_PAG,cellpose_single,2,2,2,3,3,2364,0.8899104500265614
mScarlet_in_PAG,cellpose_single,2,2,2,3,3,2363,0.8367182857342609
mScarlet_in_PAG,cellpose_single,2,2,2,3,3,2368,0.8401784357276749
mScarlet_in_PAG,cellpose_single,2,2,2,3,3,2354,0.9113754016883827
mScarlet_in_PAG,cellpose_single,2,2,2,3,3,2365,0.8719168177950065
mScarlet_in_PAG,cellpose_single,2,2,2,3,3,2366,0.8531453675865304
mScarlet_in_PAG,cellpose_single,2,2,2,3,3,2355,0.8171260505021437
mScarlet_in_PAG,cellpose_ensemble,0,1,1,2,2,2359,0.9319274844834846
mScarlet_in_PAG,cellpose_ensemble,0,1,1,2,2,2364,0.9288784092102375
mScarlet_in_PAG,cellpose_ensemble,0,1,1,2,2,2363,0.9273371816741806
mScarlet_in_PAG,cellpose_ensemble,0,1,1,2,2,2368,0.9188324538258575
mScarlet_in_PAG,cellpose_ensemble,0,1,1,2,2,2354,0.9430969025256454
mScarlet_in_PAG,cellpose_ensemble,0,1,1,2,2,2365,0.9255105076204307
mScarlet_in_PAG,cellpose_ensemble,0,1,1,2,2,2366,0.9330581928040468
mScarlet_in_PAG,cellpose_ensemble,0,1,1,2,2,2355,0.9140777388327964
mScarlet_in_PAG,cellpose_ensemble,1,1,1,3,3,2359,0.925027757339381
mScarlet_in_PAG,cellpose_ensemble,1,1,1,3,3,2364,0.9545948631945091
mScarlet_in_PAG,cellpose_ensemble,1,1,1,3,3,2363,0.9226081472882457
mScarlet_in_PAG,cellpose_ensemble,1,1,1,3,3,2368,0.9400194204636503
mScarlet_in_PAG,cellpose_ensemble,1,1,1,3,3,2354,0.9468223139821449
mScarlet_in_PAG,cellpose_ensemble,1,1,1,3,3,2365,0.9294218660560962
mScarlet_in_PAG,cellpose_ensemble,1,1,1,3,3,2366,0.9247436855216838
mScarlet_in_PAG,cellpose_ensemble,1,1,1,3,3,2355,0.9415050043247251
mScarlet_in_PAG,cellpose_ensemble,2,2,2,3,3,2359,0.912688505408759
mScarlet_in_PAG,cellpose_ensemble,2,2,2,3,3,2364,0.9360655768977642
mScarlet_in_PAG,cellpose_ensemble,2,2,2,3,3,2363,0.9113813732027309
mScarlet_in_PAG,cellpose_ensemble,2,2,2,3,3,2368,0.9087402611653681
mScarlet_in_PAG,cellpose_ensemble,2,2,2,3,3,2354,0.9513976810991436
mScarlet_in_PAG,cellpose_ensemble,2,2,2,3,3,2365,0.9339684754409295
mScarlet_in_PAG,cellpose_ensemble,2,2,2,3,3,2366,0.943432261809738
mScarlet_in_PAG,cellpose_ensemble,2,2,2,3,3,2355,0.9225017687142378
mScarlet_in_PAG,unet_2019,0,1,1,2,2,2359,0.8778478742086736
mScarlet_in_PAG,unet_2019,0,1,1,2,2,2364,0.896717713875726
mScarlet_in_PAG,unet_2019,0,1,1,2,2,2363,0.8373786343919422
mScarlet_in_PAG,unet_2019,0,1,1,2,2,2368,0.8868344645278184
mScarlet_in_PAG,unet_2019,0,1,1,2,2,2354,0.9086626845751745
mScarlet_in_PAG,unet_2019,0,1,1,2,2,2365,0.8799686216433682
mScarlet_in_PAG,unet_2019,0,1,1,2,2,2366,0.8877935825339067
mScarlet_in_PAG,unet_2019,0,1,1,2,2,2355,0.84243397026858
mScarlet_in_PAG,unet_2019,1,1,1,3,3,2359,0.8605664452662889
mScarlet_in_PAG,unet_2019,1,1,1,3,3,2364,0.8773696148530914
mScarlet_in_PAG,unet_2019,1,1,1,3,3,2363,0.848345524931808
mScarlet_in_PAG,unet_2019,1,1,1,3,3,2368,0.8691510298259305
mScarlet_in_PAG,unet_2019,1,1,1,3,3,2354,0.9046025123066841
mScarlet_in_PAG,unet_2019,1,1,1,3,3,2365,0.8738695770438905
mScarlet_in_PAG,unet_2019,1,1,1,3,3,2366,0.9023567896092808
mScarlet_in_PAG,unet_2019,1,1,1,3,3,2355,0.8577659000295976
mScarlet_in_PAG,unet_2019,2,2,2,3,3,2359,0.8699774986391703
mScarlet_in_PAG,unet_2019,2,2,2,3,3,2364,0.902859447598092
mScarlet_in_PAG,unet_2019,2,2,2,3,3,2363,0.8904593849959738
mScarlet_in_PAG,unet_2019,2,2,2,3,3,2368,0.892656236912817
mScarlet_in_PAG,unet_2019,2,2,2,3,3,2354,0.9201088563613513
mScarlet_in_PAG,unet_2019,2,2,2,3,3,2365,0.8886247347195493
mScarlet_in_PAG,unet_2019,2,2,2,3,3,2366,0.9000416771939372
mScarlet_in_PAG,unet_2019,2,2,2,3,3,2355,0.8745345103945221
mScarlet_in_PAG,nnunet,0,1,1,2,2,2359,0.9559544822569292
mScarlet_in_PAG,nnunet,0,1,1,2,2,2364,0.969697075592194
mScarlet_in_PAG,nnunet,0,1,1,2,2,2363,0.9680755252402092
mScarlet_in_PAG,nnunet,0,1,1,2,2,2368,0.9736732471000416
mScarlet_in_PAG,nnunet,0,1,1,2,2,2354,0.9493019404854852
mScarlet_in_PAG,nnunet,0,1,1,2,2,2365,0.9650289899298139
mScarlet_in_PAG,nnunet,0,1,1,2,2,2366,0.9671583758755787
mScarlet_in_PAG,nnunet,0,1,1,2,2,2355,0.97720002914335
mScarlet_in_PAG,nnunet,1,1,1,3,3,2359,0.9512142137935955
mScarlet_in_PAG,nnunet,1,1,1,3,3,2364,0.9689855011674566
mScarlet_in_PAG,nnunet,1,1,1,3,3,2363,0.965716326008165
mScarlet_in_PAG,nnunet,1,1,1,3,3,2368,0.9675528312872168
mScarlet_in_PAG,nnunet,1,1,1,3,3,2354,0.9577491466566699
mScarlet_in_PAG,nnunet,1,1,1,3,3,2365,0.9636140731461394
mScarlet_in_PAG,nnunet,1,1,1,3,3,2366,0.9566036846817133
mScarlet_in_PAG,nnunet,1,1,1,3,3,2355,0.9640010822459452
mScarlet_in_PAG,nnunet,2,2,2,3,3,2359,0.9520327793356443
mScarlet_in_PAG,nnunet,2,2,2,3,3,2364,0.9752502026334573
mScarlet_in_PAG,nnunet,2,2,2,3,3,2363,0.9646529702565028
mScarlet_in_PAG,nnunet,2,2,2,3,3,2368,0.9714302659770325
mScarlet_in_PAG,nnunet,2,2,2,3,3,2354,0.9548570315107527
mScarlet_in_PAG,nnunet,2,2,2,3,3,2365,0.9712470172068095
mScarlet_in_PAG,nnunet,2,2,2,3,3,2366,0.9613935025643912
mScarlet_in_PAG,nnunet,2,2,2,3,3,2355,0.9618866970754211
mScarlet_in_PAG,deepflash2,0,1,1,2,2,2365,0.9588287767055669
mScarlet_in_PAG,deepflash2,0,1,1,2,2,2363,0.9539028598700392
mScarlet_in_PAG,deepflash2,0,1,1,2,2,2364,0.9684364010635561
mScarlet_in_PAG,deepflash2,0,1,1,2,2,2354,0.9519470928751667
mScarlet_in_PAG,deepflash2,0,1,1,2,2,2368,0.9586468163988915
mScarlet_in_PAG,deepflash2,0,1,1,2,2,2359,0.9434473119728495
mScarlet_in_PAG,deepflash2,0,1,1,2,2,2366,0.9471761688931297
mScarlet_in_PAG,deepflash2,0,1,1,2,2,2355,0.9618192806141863
mScarlet_in_PAG,deepflash2,1,1,1,3,3,2365,0.9646057705092408
mScarlet_in_PAG,deepflash2,1,1,1,3,3,2363,0.9572177105850296
mScarlet_in_PAG,deepflash2,1,1,1,3,3,2364,0.9677557819861621
mScarlet_in_PAG,deepflash2,1,1,1,3,3,2354,0.95949582263373
mScarlet_in_PAG,deepflash2,1,1,1,3,3,2368,0.9638382752248813
mScarlet_in_PAG,deepflash2,1,1,1,3,3,2359,0.9536519236641693
mScarlet_in_PAG,deepflash2,1,1,1,3,3,2366,0.9569071375660587
mScarlet_in_PAG,deepflash2,1,1,1,3,3,2355,0.9603755513769046
mScarlet_in_PAG,deepflash2,2,2,2,3,3,2365,0.9667780163077486
mScarlet_in_PAG,deepflash2,2,2,2,3,3,2363,0.9605484682808297
mScarlet_in_PAG,deepflash2,2,2,2,3,3,2364,0.9742911920915038
mScarlet_in_PAG,deepflash2,2,2,2,3,3,2354,0.9620354624923018
mScarlet_in_PAG,deepflash2,2,2,2,3,3,2368,0.9667355984992949
mScarlet_in_PAG,deepflash2,2,2,2,3,3,2359,0.9535650714739393
mScarlet_in_PAG,deepflash2,2,2,2,3,3,2366,0.9681584845636613
mScarlet_in_PAG,deepflash2,2,2,2,3,3,2355,0.9665868384957021
YFP_in_CTX,cellpose,0,1,cyto,2,cyto,2343,1.0
YFP_in_CTX,cellpose,0,1,cyto,2,cyto,2347,1.0
YFP_in_CTX,cellpose,0,1,cyto,2,cyto,2349,1.0
YFP_in_CTX,cellpose,0,1,cyto,2,cyto,2334,1.0
YFP_in_CTX,cellpose,0,1,cyto,2,cyto,2340,1.0
YFP_in_CTX,cellpose,0,1,cyto,2,cyto,2332,1.0
YFP_in_CTX,cellpose,0,1,cyto,2,cyto,2341,1.0
YFP_in_CTX,cellpose,0,1,cyto,2,cyto,2342,1.0
YFP_in_CTX,cellpose,1,1,cyto,3,cyto,2343,1.0
YFP_in_CTX,cellpose,1,1,cyto,3,cyto,2347,1.0
YFP_in_CTX,cellpose,1,1,cyto,3,cyto,2349,1.0
YFP_in_CTX,cellpose,1,1,cyto,3,cyto,2334,1.0
YFP_in_CTX,cellpose,1,1,cyto,3,cyto,2340,1.0
YFP_in_CTX,cellpose,1,1,cyto,3,cyto,2332,1.0
YFP_in_CTX,cellpose,1,1,cyto,3,cyto,2341,1.0
YFP_in_CTX,cellpose,1,1,cyto,3,cyto,2342,1.0
YFP_in_CTX,cellpose,2,2,cyto,3,cyto,2343,1.0
YFP_in_CTX,cellpose,2,2,cyto,3,cyto,2347,1.0
YFP_in_CTX,cellpose,2,2,cyto,3,cyto,2349,1.0
YFP_in_CTX,cellpose,2,2,cyto,3,cyto,2334,1.0
YFP_in_CTX,cellpose,2,2,cyto,3,cyto,2340,1.0
YFP_in_CTX,cellpose,2,2,cyto,3,cyto,2332,1.0
YFP_in_CTX,cellpose,2,2,cyto,3,cyto,2341,1.0
YFP_in_CTX,cellpose,2,2,cyto,3,cyto,2342,1.0
YFP_in_CTX,cellpose_single,0,1,1,2,2,2343,0.959664824603556
YFP_in_CTX,cellpose_single,0,1,1,2,2,2347,0.961655630806415
YFP_in_CTX,cellpose_single,0,1,1,2,2,2349,0.944958748322577
YFP_in_CTX,cellpose_single,0,1,1,2,2,2334,0.9503850057930299
YFP_in_CTX,cellpose_single,0,1,1,2,2,2340,0.9556105705567389
YFP_in_CTX,cellpose_single,0,1,1,2,2,2332,0.9267442543936989
YFP_in_CTX,cellpose_single,0,1,1,2,2,2341,0.9347081564259501
YFP_in_CTX,cellpose_single,0,1,1,2,2,2342,0.9459157415738708
YFP_in_CTX,cellpose_single,1,1,1,3,3,2343,0.963435899801633
YFP_in_CTX,cellpose_single,1,1,1,3,3,2347,0.9566229101853959
YFP_in_CTX,cellpose_single,1,1,1,3,3,2349,0.9550415249986065
YFP_in_CTX,cellpose_single,1,1,1,3,3,2334,0.9401712433230001
YFP_in_CTX,cellpose_single,1,1,1,3,3,2340,0.94475465965666
YFP_in_CTX,cellpose_single,1,1,1,3,3,2332,0.9500095660706902
YFP_in_CTX,cellpose_single,1,1,1,3,3,2341,0.9527564541055458
YFP_in_CTX,cellpose_single,1,1,1,3,3,2342,0.9381163670390225
YFP_in_CTX,cellpose_single,2,2,2,3,3,2343,0.9534047799410279
YFP_in_CTX,cellpose_single,2,2,2,3,3,2347,0.9630947056025332
YFP_in_CTX,cellpose_single,2,2,2,3,3,2349,0.9494702024033217
YFP_in_CTX,cellpose_single,2,2,2,3,3,2334,0.9327902809457774
YFP_in_CTX,cellpose_single,2,2,2,3,3,2340,0.9436301153697795
YFP_in_CTX,cellpose_single,2,2,2,3,3,2332,0.9259898831327402
YFP_in_CTX,cellpose_single,2,2,2,3,3,2341,0.9432737657392584
YFP_in_CTX,cellpose_single,2,2,2,3,3,2342,0.9123255710931617
YFP_in_CTX,cellpose_ensemble,0,1,1,2,2,2343,0.9716881169030291
YFP_in_CTX,cellpose_ensemble,0,1,1,2,2,2347,0.9762710892798921
YFP_in_CTX,cellpose_ensemble,0,1,1,2,2,2349,0.9634571514655876
YFP_in_CTX,cellpose_ensemble,0,1,1,2,2,2334,0.9674660933980542
YFP_in_CTX,cellpose_ensemble,0,1,1,2,2,2340,0.9700328158416528
YFP_in_CTX,cellpose_ensemble,0,1,1,2,2,2332,0.9430673464478694
YFP_in_CTX,cellpose_ensemble,0,1,1,2,2,2341,0.9704516129032258
YFP_in_CTX,cellpose_ensemble,0,1,1,2,2,2342,0.9706240026576023
YFP_in_CTX,cellpose_ensemble,1,1,1,3,3,2343,0.9796376998648586
YFP_in_CTX,cellpose_ensemble,1,1,1,3,3,2347,0.9753520872323667
YFP_in_CTX,cellpose_ensemble,1,1,1,3,3,2349,0.9702018443212946
YFP_in_CTX,cellpose_ensemble,1,1,1,3,3,2334,0.9585336026679111
YFP_in_CTX,cellpose_ensemble,1,1,1,3,3,2340,0.975696441305698
YFP_in_CTX,cellpose_ensemble,1,1,1,3,3,2332,0.9490198427555223
YFP_in_CTX,cellpose_ensemble,1,1,1,3,3,2341,0.9714122621695658
YFP_in_CTX,cellpose_ensemble,1,1,1,3,3,2342,0.9657647312136654
YFP_in_CTX,cellpose_ensemble,2,2,2,3,3,2343,0.9736358692368119
YFP_in_CTX,cellpose_ensemble,2,2,2,3,3,2347,0.9768489639955944
YFP_in_CTX,cellpose_ensemble,2,2,2,3,3,2349,0.9744987067258233
YFP_in_CTX,cellpose_ensemble,2,2,2,3,3,2334,0.968493770854642
YFP_in_CTX,cellpose_ensemble,2,2,2,3,3,2340,0.9736573890352843
YFP_in_CTX,cellpose_ensemble,2,2,2,3,3,2332,0.9664006564308283
YFP_in_CTX,cellpose_ensemble,2,2,2,3,3,2341,0.9781157417761696
YFP_in_CTX,cellpose_ensemble,2,2,2,3,3,2342,0.9681816584885995
YFP_in_CTX,unet_2019,0,1,1,2,2,2343,0.9583345745847677
YFP_in_CTX,unet_2019,0,1,1,2,2,2347,0.9604653351655592
YFP_in_CTX,unet_2019,0,1,1,2,2,2349,0.9599528886260731
YFP_in_CTX,unet_2019,0,1,1,2,2,2334,0.956510600541118
YFP_in_CTX,unet_2019,0,1,1,2,2,2340,0.9590922894293681
YFP_in_CTX,unet_2019,0,1,1,2,2,2332,0.9608003184344313
YFP_in_CTX,unet_2019,0,1,1,2,2,2341,0.934868076632233
YFP_in_CTX,unet_2019,0,1,1,2,2,2342,0.9512385576235475
YFP_in_CTX,unet_2019,1,1,1,3,3,2343,0.8724814918220393
YFP_in_CTX,unet_2019,1,1,1,3,3,2347,0.8815948724067982
YFP_in_CTX,unet_2019,1,1,1,3,3,2349,0.8295720811007661
YFP_in_CTX,unet_2019,1,1,1,3,3,2334,0.8502732240437159
YFP_in_CTX,unet_2019,1,1,1,3,3,2340,0.8926088374517269
YFP_in_CTX,unet_2019,1,1,1,3,3,2332,0.8604997882253282
YFP_in_CTX,unet_2019,1,1,1,3,3,2341,0.818132543330837
YFP_in_CTX,unet_2019,1,1,1,3,3,2342,0.860425035956951
YFP_in_CTX,unet_2019,2,2,2,3,3,2343,0.8653110995945493
YFP_in_CTX,unet_2019,2,2,2,3,3,2347,0.868574214071699
YFP_in_CTX,unet_2019,2,2,2,3,3,2349,0.8418889993667422
YFP_in_CTX,unet_2019,2,2,2,3,3,2334,0.8413231785517257
YFP_in_CTX,unet_2019,2,2,2,3,3,2340,0.893783801135443
YFP_in_CTX,unet_2019,2,2,2,3,3,2332,0.8755526172065883
YFP_in_CTX,unet_2019,2,2,2,3,3,2341,0.7952077963917527
YFP_in_CTX,unet_2019,2,2,2,3,3,2342,0.867122290242843
YFP_in_CTX,nnunet,0,1,1,2,2,2343,0.9844930417495029
YFP_in_CTX,nnunet,0,1,1,2,2,2347,0.9779241167562762
YFP_in_CTX,nnunet,0,1,1,2,2,2349,0.981311582012751
YFP_in_CTX,nnunet,0,1,1,2,2,2334,0.9786453879328907
YFP_in_CTX,nnunet,0,1,1,2,2,2340,0.984902859466517
YFP_in_CTX,nnunet,0,1,1,2,2,2332,0.9810327287391508
YFP_in_CTX,nnunet,0,1,1,2,2,2341,0.9692029040469162
YFP_in_CTX,nnunet,0,1,1,2,2,2342,0.9734797531407701
YFP_in_CTX,nnunet,1,1,1,3,3,2343,0.9838621258555788
YFP_in_CTX,nnunet,1,1,1,3,3,2347,0.9862271932939758
YFP_in_CTX,nnunet,1,1,1,3,3,2349,0.9793178579226762
YFP_in_CTX,nnunet,1,1,1,3,3,2334,0.9824035398444065
YFP_in_CTX,nnunet,1,1,1,3,3,2340,0.9852506221897661
YFP_in_CTX,nnunet,1,1,1,3,3,2332,0.9790348774619182
YFP_in_CTX,nnunet,1,1,1,3,3,2341,0.9758158842637262
YFP_in_CTX,nnunet,1,1,1,3,3,2342,0.9825157342087243
YFP_in_CTX,nnunet,2,2,2,3,3,2343,0.9860221255177476
YFP_in_CTX,nnunet,2,2,2,3,3,2347,0.9789479877211016
YFP_in_CTX,nnunet,2,2,2,3,3,2349,0.9787363262077781
YFP_in_CTX,nnunet,2,2,2,3,3,2334,0.9713549615990428
YFP_in_CTX,nnunet,2,2,2,3,3,2340,0.9809980796715305
YFP_in_CTX,nnunet,2,2,2,3,3,2332,0.9849852891747665
YFP_in_CTX,nnunet,2,2,2,3,3,2341,0.966630364288249
YFP_in_CTX,nnunet,2,2,2,3,3,2342,0.9704747584879292
YFP_in_CTX,deepflash2,0,1,1,2,2,2340,0.9773201105099013
YFP_in_CTX,deepflash2,0,1,1,2,2,2342,0.9720704325739633
YFP_in_CTX,deepflash2,0,1,1,2,2,2332,0.9712083566218431
YFP_in_CTX,deepflash2,0,1,1,2,2,2341,0.9671889181767305
YFP_in_CTX,deepflash2,0,1,1,2,2,2349,0.981348124222287
YFP_in_CTX,deepflash2,0,1,1,2,2,2334,0.9798109636840174
YFP_in_CTX,deepflash2,0,1,1,2,2,2347,0.9810077357887865
YFP_in_CTX,deepflash2,0,1,1,2,2,2343,0.982713508963229
YFP_in_CTX,deepflash2,1,1,1,3,3,2340,0.9779133600003945
YFP_in_CTX,deepflash2,1,1,1,3,3,2342,0.9666337514781357
YFP_in_CTX,deepflash2,1,1,1,3,3,2332,0.9632021079240347
YFP_in_CTX,deepflash2,1,1,1,3,3,2341,0.9696592674707604
YFP_in_CTX,deepflash2,1,1,1,3,3,2349,0.9773437897058206
YFP_in_CTX,deepflash2,1,1,1,3,3,2334,0.9779734737192336
YFP_in_CTX,deepflash2,1,1,1,3,3,2347,0.9849571555849097
YFP_in_CTX,deepflash2,1,1,1,3,3,2343,0.980507624152532
YFP_in_CTX,deepflash2,2,2,2,3,3,2340,0.9779028839187928
YFP_in_CTX,deepflash2,2,2,2,3,3,2342,0.9674925899378136
YFP_in_CTX,deepflash2,2,2,2,3,3,2332,0.9774928677782704
YFP_in_CTX,deepflash2,2,2,2,3,3,2341,0.9700519918499263
YFP_in_CTX,deepflash2,2,2,2,3,3,2349,0.9784937490519707
YFP_in_CTX,deepflash2,2,2,2,3,3,2334,0.9741930020482584
YFP_in_CTX,deepflash2,2,2,2,3,3,2347,0.9807306815162901
YFP_in_CTX,deepflash2,2,2,2,3,3,2343,0.9817178270080769
GFAP_in_HC,cellpose,0,1,cyto2,2,cyto2,2378-3,1.0
GFAP_in_HC,cellpose,0,1,cyto2,2,cyto2,2377-0,1.0
GFAP_in_HC,cellpose,0,1,cyto2,2,cyto2,2376-2,1.0
GFAP_in_HC,cellpose,0,1,cyto2,2,cyto2,2376-3,1.0
GFAP_in_HC,cellpose,0,1,cyto2,2,cyto2,2377-2,1.0
GFAP_in_HC,cellpose,0,1,cyto2,2,cyto2,2375-1,1.0
GFAP_in_HC,cellpose,0,1,cyto2,2,cyto2,2378-2,1.0
GFAP_in_HC,cellpose,0,1,cyto2,2,cyto2,2375-0,1.0
GFAP_in_HC,cellpose,1,1,cyto2,3,cyto2,2378-3,1.0
GFAP_in_HC,cellpose,1,1,cyto2,3,cyto2,2377-0,1.0
GFAP_in_HC,cellpose,1,1,cyto2,3,cyto2,2376-2,1.0
GFAP_in_HC,cellpose,1,1,cyto2,3,cyto2,2376-3,1.0
GFAP_in_HC,cellpose,1,1,cyto2,3,cyto2,2377-2,1.0
GFAP_in_HC,cellpose,1,1,cyto2,3,cyto2,2375-1,1.0
GFAP_in_HC,cellpose,1,1,cyto2,3,cyto2,2378-2,1.0
GFAP_in_HC,cellpose,1,1,cyto2,3,cyto2,2375-0,1.0
GFAP_in_HC,cellpose,2,2,cyto2,3,cyto2,2378-3,1.0
GFAP_in_HC,cellpose,2,2,cyto2,3,cyto2,2377-0,1.0
GFAP_in_HC,cellpose,2,2,cyto2,3,cyto2,2376-2,1.0
GFAP_in_HC,cellpose,2,2,cyto2,3,cyto2,2376-3,1.0
GFAP_in_HC,cellpose,2,2,cyto2,3,cyto2,2377-2,1.0
GFAP_in_HC,cellpose,2,2,cyto2,3,cyto2,2375-1,1.0
GFAP_in_HC,cellpose,2,2,cyto2,3,cyto2,2378-2,1.0
GFAP_in_HC,cellpose,2,2,cyto2,3,cyto2,2375-0,1.0
GFAP_in_HC,cellpose_single,0,1,1,2,2,2378-3,0.45424197076090717
GFAP_in_HC,cellpose_single,0,1,1,2,2,2377-0,0.5187272124627113
GFAP_in_HC,cellpose_single,0,1,1,2,2,2376-2,0.20761010142263972
GFAP_in_HC,cellpose_single,0,1,1,2,2,2376-3,0.41509433962264153
GFAP_in_HC,cellpose_single,0,1,1,2,2,2377-2,0.7482334967216246
GFAP_in_HC,cellpose_single,0,1,1,2,2,2375-1,0.5941384537645275
GFAP_in_HC,cellpose_single,0,1,1,2,2,2378-2,0.6363982003675306
GFAP_in_HC,cellpose_single,0,1,1,2,2,2375-0,0.6335797254487856
GFAP_in_HC,cellpose_single,1,1,1,3,3,2378-3,0.7524670370677502
GFAP_in_HC,cellpose_single,1,1,1,3,3,2377-0,0.7364998173182317
GFAP_in_HC,cellpose_single,1,1,1,3,3,2376-2,0.7637077455416554
GFAP_in_HC,cellpose_single,1,1,1,3,3,2376-3,0.0
GFAP_in_HC,cellpose_single,1,1,1,3,3,2377-2,0.5551387846961741
GFAP_in_HC,cellpose_single,1,1,1,3,3,2375-1,0.7125125579285089
GFAP_in_HC,cellpose_single,1,1,1,3,3,2378-2,0.40793352988474946
GFAP_in_HC,cellpose_single,1,1,1,3,3,2375-0,0.46478149100257066
GFAP_in_HC,cellpose_single,2,2,2,3,3,2378-3,0.6715315315315316
GFAP_in_HC,cellpose_single,2,2,2,3,3,2377-0,0.4491960314745125
GFAP_in_HC,cellpose_single,2,2,2,3,3,2376-2,0.16555392715627207
GFAP_in_HC,cellpose_single,2,2,2,3,3,2376-3,0.37857633325703827
GFAP_in_HC,cellpose_single,2,2,2,3,3,2377-2,0.40873256519102485
GFAP_in_HC,cellpose_single,2,2,2,3,3,2375-1,0.5209657916292858
GFAP_in_HC,cellpose_single,2,2,2,3,3,2378-2,0.4341885013493664
GFAP_in_HC,cellpose_single,2,2,2,3,3,2375-0,0.1351318209687308
GFAP_in_HC,cellpose_ensemble,0,1,1,2,2,2378-3,0.7974499677211103
GFAP_in_HC,cellpose_ensemble,0,1,1,2,2,2377-0,0.9452510057722582
GFAP_in_HC,cellpose_ensemble,0,1,1,2,2,2376-2,0.8852864890356048
GFAP_in_HC,cellpose_ensemble,0,1,1,2,2,2376-3,0.7367570406885127
GFAP_in_HC,cellpose_ensemble,0,1,1,2,2,2377-2,0.8938829034995243
GFAP_in_HC,cellpose_ensemble,0,1,1,2,2,2375-1,0.909818875119161
GFAP_in_HC,cellpose_ensemble,0,1,1,2,2,2378-2,0.8246368887726722
GFAP_in_HC,cellpose_ensemble,0,1,1,2,2,2375-0,0.5580272022371934
GFAP_in_HC,cellpose_ensemble,1,1,1,3,3,2378-3,0.9246145059965735
GFAP_in_HC,cellpose_ensemble,1,1,1,3,3,2377-0,0.9471984590108209
GFAP_in_HC,cellpose_ensemble,1,1,1,3,3,2376-2,0.9502627729316792
GFAP_in_HC,cellpose_ensemble,1,1,1,3,3,2376-3,0.6073835989464756
GFAP_in_HC,cellpose_ensemble,1,1,1,3,3,2377-2,0.8821745722330518
GFAP_in_HC,cellpose_ensemble,1,1,1,3,3,2375-1,0.914956789141615
GFAP_in_HC,cellpose_ensemble,1,1,1,3,3,2378-2,0.874380635204289
GFAP_in_HC,cellpose_ensemble,1,1,1,3,3,2375-0,0.6377918073704301
GFAP_in_HC,cellpose_ensemble,2,2,2,3,3,2378-3,0.8227459016393442
GFAP_in_HC,cellpose_ensemble,2,2,2,3,3,2377-0,0.9543170139477102
GFAP_in_HC,cellpose_ensemble,2,2,2,3,3,2376-2,0.891833729754219
GFAP_in_HC,cellpose_ensemble,2,2,2,3,3,2376-3,0.8170262585716674
GFAP_in_HC,cellpose_ensemble,2,2,2,3,3,2377-2,0.8186300608810388
GFAP_in_HC,cellpose_ensemble,2,2,2,3,3,2375-1,0.9573747101836989
GFAP_in_HC,cellpose_ensemble,2,2,2,3,3,2378-2,0.8363171891031681
GFAP_in_HC,cellpose_ensemble,2,2,2,3,3,2375-0,0.8599834299917151
GFAP_in_HC,unet_2019,0,1,1,2,2,2376-3,0.8546518044365964
GFAP_in_HC,unet_2019,0,1,1,2,2,2377-0,0.8746943312337903
GFAP_in_HC,unet_2019,0,1,1,2,2,2375-1,0.8702539257121259
GFAP_in_HC,unet_2019,0,1,1,2,2,2377-2,0.8443789140876755
GFAP_in_HC,unet_2019,0,1,1,2,2,2378-3,0.8463855421686747
GFAP_in_HC,unet_2019,0,1,1,2,2,2375-0,0.8702957565366481
GFAP_in_HC,unet_2019,0,1,1,2,2,2378-2,0.8698205638614771
GFAP_in_HC,unet_2019,0,1,1,2,2,2376-2,0.8693658251466853
GFAP_in_HC,unet_2019,1,1,1,3,3,2376-3,0.8100232547102653
GFAP_in_HC,unet_2019,1,1,1,3,3,2377-0,0.8660860593554652
GFAP_in_HC,unet_2019,1,1,1,3,3,2375-1,0.846469183331551
GFAP_in_HC,unet_2019,1,1,1,3,3,2377-2,0.8469431909501144
GFAP_in_HC,unet_2019,1,1,1,3,3,2378-3,0.826783114992722
GFAP_in_HC,unet_2019,1,1,1,3,3,2375-0,0.8550005280388637
GFAP_in_HC,unet_2019,1,1,1,3,3,2378-2,0.848196311806627
GFAP_in_HC,unet_2019,1,1,1,3,3,2376-2,0.8425416373730272
GFAP_in_HC,unet_2019,2,2,2,3,3,2376-3,0.8576231122783979
GFAP_in_HC,unet_2019,2,2,2,3,3,2377-0,0.8801416463104743
GFAP_in_HC,unet_2019,2,2,2,3,3,2375-1,0.8880710363360206
GFAP_in_HC,unet_2019,2,2,2,3,3,2377-2,0.87933185472692
GFAP_in_HC,unet_2019,2,2,2,3,3,2378-3,0.871260919438807
GFAP_in_HC,unet_2019,2,2,2,3,3,2375-0,0.8884150675195451
GFAP_in_HC,unet_2019,2,2,2,3,3,2378-2,0.8814285714285715
GFAP_in_HC,unet_2019,2,2,2,3,3,2376-2,0.881438289601555
GFAP_in_HC,nnunet,0,1,1,2,2,2376-3,0.9583624098627588
GFAP_in_HC,nnunet,0,1,1,2,2,2377-0,0.9560033011753323
GFAP_in_HC,nnunet,0,1,1,2,2,2375-1,0.9545036764705882
GFAP_in_HC,nnunet,0,1,1,2,2,2377-2,0.9555444891586697
GFAP_in_HC,nnunet,0,1,1,2,2,2378-3,0.9591038306735343
GFAP_in_HC,nnunet,0,1,1,2,2,2375-0,0.9617489689852362
GFAP_in_HC,nnunet,0,1,1,2,2,2378-2,0.9557055557774493
GFAP_in_HC,nnunet,0,1,1,2,2,2376-2,0.9526957817301425
GFAP_in_HC,nnunet,1,1,1,3,3,2376-3,0.9569225977262109
GFAP_in_HC,nnunet,1,1,1,3,3,2377-0,0.9550181895998288
GFAP_in_HC,nnunet,1,1,1,3,3,2375-1,0.9557581691347448
GFAP_in_HC,nnunet,1,1,1,3,3,2377-2,0.9583137291803895
GFAP_in_HC,nnunet,1,1,1,3,3,2378-3,0.9590236874443833
GFAP_in_HC,nnunet,1,1,1,3,3,2375-0,0.9611519193533515
GFAP_in_HC,nnunet,1,1,1,3,3,2378-2,0.9593221240821539
GFAP_in_HC,nnunet,1,1,1,3,3,2376-2,0.9574867627139515
GFAP_in_HC,nnunet,2,2,2,3,3,2376-3,0.9572497383752714
GFAP_in_HC,nnunet,2,2,2,3,3,2377-0,0.9528394885348953
GFAP_in_HC,nnunet,2,2,2,3,3,2375-1,0.9550896365422397
GFAP_in_HC,nnunet,2,2,2,3,3,2377-2,0.9582239133930007
GFAP_in_HC,nnunet,2,2,2,3,3,2378-3,0.9614010310006356
GFAP_in_HC,nnunet,2,2,2,3,3,2375-0,0.9627418531636173
GFAP_in_HC,nnunet,2,2,2,3,3,2378-2,0.9603694755529452
GFAP_in_HC,nnunet,2,2,2,3,3,2376-2,0.9518950437317784
GFAP_in_HC,deepflash2,0,1,1,2,2,2375-0,0.9636744560838033
GFAP_in_HC,deepflash2,0,1,1,2,2,2378-3,0.9533168584446676
GFAP_in_HC,deepflash2,0,1,1,2,2,2377-2,0.9624599577803693
GFAP_in_HC,deepflash2,0,1,1,2,2,2377-0,0.967986220836714
GFAP_in_HC,deepflash2,0,1,1,2,2,2378-2,0.9531824174591152
GFAP_in_HC,deepflash2,0,1,1,2,2,2376-3,0.9513307984790875
GFAP_in_HC,deepflash2,0,1,1,2,2,2376-2,0.9655240973437252
GFAP_in_HC,deepflash2,0,1,1,2,2,2375-1,0.9674306795986845
GFAP_in_HC,deepflash2,1,1,1,3,3,2375-0,0.9599373868805948
GFAP_in_HC,deepflash2,1,1,1,3,3,2378-3,0.9593008928402176
GFAP_in_HC,deepflash2,1,1,1,3,3,2377-2,0.9649006329394061
GFAP_in_HC,deepflash2,1,1,1,3,3,2377-0,0.9668475157053112
GFAP_in_HC,deepflash2,1,1,1,3,3,2378-2,0.9646686295205822
GFAP_in_HC,deepflash2,1,1,1,3,3,2376-3,0.9573325028224394
GFAP_in_HC,deepflash2,1,1,1,3,3,2376-2,0.9695323571091167
GFAP_in_HC,deepflash2,1,1,1,3,3,2375-1,0.9703545694274149
GFAP_in_HC,deepflash2,2,2,2,3,3,2375-0,0.9612609252622875
GFAP_in_HC,deepflash2,2,2,2,3,3,2378-3,0.9537602512650497
GFAP_in_HC,deepflash2,2,2,2,3,3,2377-2,0.9613289115243397
GFAP_in_HC,deepflash2,2,2,2,3,3,2377-0,0.9642660180720336
GFAP_in_HC,deepflash2,2,2,2,3,3,2378-2,0.9574162274892202
GFAP_in_HC,deepflash2,2,2,2,3,3,2376-3,0.9516161094104083
GFAP_in_HC,deepflash2,2,2,2,3,3,2376-2,0.9693232131562303
GFAP_in_HC,deepflash2,2,2,2,3,3,2375-1,0.9682895044608547
